[
	{
		"id": "1",
		"title": "Lord of the Rings",
		"year": 2001,
		"genre": "Fantasy",
		"img": "LOTR.jpg",
		"description": "A meek Hobbit from the Shire and eight companions set out on a journey to destroy the powerful One Ring and save Middle-earth from  "
	},
	{
		"id": "2",
		"title": "Harry Potter",
		"year": 2001,
		"genre": "Fantasy",
		"img": "HarryPotter.jpg",
		"description": "An orphaned boy enrolls in a school of wizardry, where he learns the truth about himself, his family and the terrible evil that haunts"
	},
	{
		"id": "3",
		"title": "The Hobbit",
		"year": 2014,
		"genre": "Fantasy",
		"img": "Hobbit.jpg",
		"description": "Bilbo and company are forced to engage in a war against an array of combatants and keep the Lonely Mountain from falling "
	},
	{
		"id": "4",
		"title": "The Mummy",
		"year": 1999,
		"genre": "Adventure",
		"img": "Mummy.jpg",
		"description": "At an archaeological dig in the ancient city of Hamunaptra, an American serving in the French Foreign Legion accidentally "
	},
	{
		"id": "5",
		"title": "Jurassic Park",
		"year": 1993,
		"genre": "Thriller",
		"img": "Jurassic.jpg",
		"description": "During a preview tour, a theme park suffers a major power breakdown that allows its cloned dinosaur exhibits to run amok."
	},
	{
		"id": "6",
		"title": "The Matrix",
		"year": 1999,
		"genre": "Action",
		"img": "Matrix.jpg",
		"description": "A computer hacker learns from mysterious rebels about the true nature of his reality and his role in the war against its controllers. "
	},
	{
		"id": "7",
		"title": "Interstellar",
		"year": 2012,
		"genre": "Action",
		"img": "Interstellar.jpg",
		"description": "When Earth becomes uninhabitable in the future, a farmer and ex-NASA pilot, Joseph Cooper, is tasked to pilot a spacecraf"
	},
	{
		"id": "8",
		"title": "Pirates of the Caribbean",
		"year": 2003,
		"genre": "Fantasy",
		"img": "Pirates.jpg",
		"description": "An American agent, under false suspicion of disloyalty, must discover and expose the real spy without the help of his organization."
	}
]